{
  "project_info": {
    "project_number": "827527731456",
    "project_id": "okoslista-6d651",
    "storage_bucket": "okoslista-6d651.appspot.com"
  },
  "client": [
    {
      "client_info": {
        "mobilesdk_app_id": "1:827527731456:android:f37aec36d1b2fed459fbe5",
        "android_client_info": {
          "package_name": "com.example.okoslista"
        }
      },
      "oauth_client": [
        {
          "client_id": "827527731456-h0ggljllla58rna4o5rg0uj22gagp428.apps.googleusercontent.com",
          "client_type": 3
        }
      ],
      "api_key": [
        {
          "current_key": "AIzaSyClyE8tJuP43HxcaXYP5dtmZE1B_QZ2bpk"
        }
      ],
      "services": {
        "appinvite_service": {
          "other_platform_oauth_client": [
            {
              "client_id": "827527731456-h0ggljllla58rna4o5rg0uj22gagp428.apps.googleusercontent.com",
              "client_type": 3
            }
          ]
        }
      }
    }
  ],
  "configuration_version": "1"
}