{
  "project_info": {
    "project_number": "3667652036",
    "project_id": "okos-lista",
    "storage_bucket": "okos-lista.appspot.com"
  },
  "client": [
    {
      "client_info": {
        "mobilesdk_app_id": "1:3667652036:android:ef087b6d59869c97204891",
        "android_client_info": {
          "package_name": "com.example.okos_lista"
        }
      },
      "oauth_client": [
        {
          "client_id": "3667652036-35tclkttd8n82c6jlnmp8s3flvon5pdr.apps.googleusercontent.com",
          "client_type": 3
        }
      ],
      "api_key": [
        {
          "current_key": "AIzaSyB5sxkbvIuQuV_PKXmS1traGeEbCUZE4Dg"
        }
      ],
      "services": {
        "appinvite_service": {
          "other_platform_oauth_client": [
            {
              "client_id": "3667652036-35tclkttd8n82c6jlnmp8s3flvon5pdr.apps.googleusercontent.com",
              "client_type": 3
            }
          ]
        }
      }
    }
  ],
  "configuration_version": "1"
}